word,phonemes_arpabet
cat,K AE T
hat,HH AE T
bat,B AE T
rat,R AE T
mat,M AE T
map,M AE P
cap,K AE P
nap,N AE P
bag,B AE G
tag,T AE G
jam,JH AE M
ham,HH AE M
van,V AE N
fan,F AE N
pan,P AE N
man,M AE N
dad,D AE D
sad,S AE D
lap,L AE P
wag,W AE G
pig,P IH G
big,B IH G
dig,D IH G
wig,W IH G
sit,S IH T
fin,F IH N
pin,P IH N
lip,L IH P
zip,Z IH P
kid,K IH D
dog,D AO G
log,L AO G
hop,HH AA P
top,T AA P
pot,P AA T
hot,HH AA T
fox,F AA K S
box,B AA K S
mop,M AA P
rod,R AA D
sun,S AH N
run,R AH N
bun,B AH N
bug,B AH G
hug,HH AH G
mug,M AH G
cup,K AH P
pup,P AH P
bus,B AH S
tub,T AH B
nut,N AH T
bed,B EH D
red,R EH D
pen,P EH N
hen,HH EH N
ten,T EH N
net,N EH T
wet,W EH T
web,W EH B
leg,L EH G
ship,SH IH P
shop,SH AA P
fish,F IH SH
dish,D IH SH
wish,W IH SH
chin,CH IH N
chip,CH IH P
chop,CH AA P
rich,R IH CH
thin,TH IH N
moth,M AO TH
bath,B AE TH
duck,D AH K
sock,S AA K
rock,R AA K
kick,K IH K
bell,B EH L
doll,D AA L
hill,HH IH L
kiss,K IH S
frog,F R AA G
stop,S T AA P
flag,F L AE G
crab,K R AE B
drum,D R AH M
clap,K L AE P
plum,P L AH M
swim,S W IH M
sled,S L EH D
snap,S N AE P
spot,S P AA T
trip,T R IH P
jump,JH AH M P
hand,HH AE N D
nest,N EH S T
milk,M IH L K
tent,T EH N T
lamp,L AE M P
belt,B EH L T
gift,G IH F T
cake,K EY K
lake,L EY K
game,G EY M
gate,G EY T
bike,B AY K
kite,K AY T
time,T AY M
ride,R AY D
five,F AY V
home,HH OW M
bone,B OW N
rope,R OW P
nose,N OW Z
cube,K Y UW B
tube,T UW B
cute,K Y UW T
mule,M Y UW L
hope,HH OW P
lime,L AY M
wave,W EY V
rain,R EY N
tail,T EY L
snail,S N EY L
feet,F IY T
bee,B IY
tree,T R IY
seed,S IY D
sheep,SH IY P
boat,B OW T
goat,G OW T
road,R OW D
soap,S OW P
car,K AA R
star,S T AA R
park,P AA R K
farm,F AA R M
fork,F AO R K
corn,K AO R N
horn,HH AO R N
storm,S T AO R M
tall,T AO L
short,SH AO R T
long,L AO NG
wide,W AY D
deep,D IY P
flat,F L AE T
tiny,T AY N IY
huge,HH Y UW JH
large,L AA R JH
small,S M AO L
thick,TH IH K
narrow,N EH R OW
shallow,SH AE L OW
heavy,HH EH V IY
light,L AY T
taller,T AO L ER
biggest,B IH G AH S T
smallest,S M AO L AH S T
same,S EY M
different,D IH F ER AH N T
more,M AO R
less,L EH S
fewer,F Y UW ER
most,M OW S T
least,L IY S T
zero,Z IH R OW
few,F Y UW
none,N AH N
both,B OW TH
several,S EH V R AH L
pair,P EH R
half,HH AE F
double,D AH B AH L
dozen,D AH Z AH N
equal,IY K W AH L
empty,EH M P T IY
full,F UH L
whole,HH OW L
extra,EH K S T R AH
plenty,P L EH N T IY
under,AH N D ER
over,OW V ER
above,AH B AH V
below,B IH L OW
behind,B IH HH AY N D
beside,B IH S AY D
between,B IH T W IY N
inside,IH N S AY D
outside,AW T S AY D
around,ER AW N D
across,AH K R AO S
middle,M IH D AH L
front,F R AH N T
bottom,B AA T AH M
left,L EH F T
right,R AY T
near,N IH R
far,F AA R
beneath,B IH N IY TH
corner,K AO R N ER
first,F ER S T
last,L AE S T
next,N EH K S T
before,B IH F AO R
after,AE F T ER
begin,B IH G IH N
finish,F IH N IH SH
early,ER L IY
late,L EY T
soon,S UW N
today,T AH D EY
tonight,T AH N AY T
morning,M AO R N IH NG
noon,N UW N
week,W IY K
spring,S P R IH NG
summer,S AH M ER
winter,W IH N T ER
season,S IY Z AH N
yesterday,Y EH S T ER D EY
circle,S ER K AH L
square,S K W EH R
triangle,T R AY AE NG G AH L
oval,OW V AH L
diamond,D AY M AH N D
cone,K OW N
sphere,S F IH R
line,L AY N
curve,K ER V
angle,AE NG G AH L
stripe,S T R AY P
spiral,S P AY R AH L
pattern,P AE T ER N
row,R OW
shape,SH EY P
edge,EH JH
dot,D AA T
side,S AY D
point,P OY N T
center,S EH N T ER
smooth,S M UW DH
rough,R AH F
soft,S AA F T
hard,HH AA R D
sharp,SH AA R P
sticky,S T IH K IY
fuzzy,F AH Z IY
shiny,SH AY N IY
bumpy,B AH M P IY
metal,M EH T AH L
wood,W UH D
glass,G L AE S
plastic,P L AE S T IH K
happy,HH AE P IY
angry,AE NG G R IY
proud,P R AW D
calm,K AA M
brave,B R EY V
scared,S K EH R D
tired,T AY ER D
animal,AE N AH M AH L
mammal,M AE M AH L
reptile,R EH P T AY L
insect,IH N S EH K T
bird,B ER D
vehicle,V IY HH IH K AH L
tool,T UW L
fruit,F R UW T
vegetable,V EH JH T AH B AH L
plant,P L AE N T
furniture,F ER N IH CH ER
clothing,K L OW DH IH NG
instrument,IH N S T R AH M AH N T
weather,W EH DH ER
planet,P L AE N AH T
body,B AA D IY
family,F AE M AH L IY
food,F UW D
drink,D R IH NG K
place,P L EY S
forest,F AO R AH S T
desert,D EH Z ER T
ocean,OW SH AH N
island,AY L AH N D
river,R IH V ER
mountain,M AW N T AH N
volcano,V AA L K EY N OW
jungle,JH AH NG G AH L
pond,P AA N D
cave,K EY V
tadpole,T AE D P OW L
caterpillar,K AE T AH P IH L ER
cocoon,K AH K UW N
butterfly,B AH T ER F L AY
sprout,S P R AW T
blossom,B L AA S AH M
shadow,SH AE D OW
thunder,TH AH N D ER
rainbow,R EY N B OW
magnet,M AE G N AH T
calf,K AE F
foal,F OW L
cub,K AH B
lamb,L AE M
chick,CH IH K
kitten,K IH T AH N
hive,HH AY V
den,D EH N
burrow,B ER OW
barn,B AA R N
kennel,K EH N AH L
stable,S T EY B AH L
farmer,F AA R M ER
baker,B EY K ER
doctor,D AA K T ER
pilot,P AY L AH T
builder,B IH L D ER
dentist,D EH N T AH S T
nurse,N ER S
painter,P EY N T ER
bark,B AA R K
trunk,T R AH NG K
bank,B AE NG K
match,M AE CH
seal,S IY L
watch,W AA CH
bill,B IH L
club,K L AH B
palm,P AA M
crane,K R EY N
mouse,M AW S
glasses,G L AE S AH Z
pitcher,P IH CH ER
block,B L AA K
key,K IY
nail,N EY L
pupil,P Y UW P AH L
letter,L EH T ER
ruler,R UW L ER
fly,F L AY
